filename,MeerKAT_L_SBAND_COMBINED_Best_Recall,PALFA_MeerKAT_L_SBAND_Best_Fscore,clfl2_PALFA,clfl2_trapum_Ter5
/b/PROCESSING/03_FOLDS/M28/2024-02-16-11:31:52/cfbf00000/120.0/full/2024-02-16-11:31:52_60356.4804688383_cfbf00000_00016.ar,0.008429371330426996,0.005714181869572818,0.45532981291477537,0.030451383462220104
/b/PROCESSING/03_FOLDS/M28/2024-02-16-11:31:52/cfbf00000/120.0/full/2024-02-16-11:31:52_60356.4804688383_cfbf00000_00061.ar,0.003714603290178077,0.004336626181579806,0.028660894686508634,0.010860903125645957
/b/PROCESSING/03_FOLDS/M28/2024-02-16-11:31:52/cfbf00000/120.0/full/2024-02-16-11:31:52_60356.4804688383_cfbf00000_00039.ar,0.013289918367530353,0.009712691342700936,0.011978140353486906,0.010582314133197318
/b/PROCESSING/03_FOLDS/M28/2024-02-16-11:31:52/cfbf00000/120.0/full/2024-02-16-11:31:52_60356.4804688383_cfbf00000_00003.ar,0.0047243425043851815,0.005784214247955283,0.0005683063291990775,0.007872495634311276
/b/PROCESSING/03_FOLDS/M28/2024-02-16-11:31:52/cfbf00000/120.0/full/2024-02-16-11:31:52_60356.4804688383_cfbf00000_00025.ar,0.00612878005267524,0.004032319343058177,0.0028577072842432072,0.011355739271541624
/b/PROCESSING/03_FOLDS/M28/2024-02-16-11:31:52/cfbf00000/120.0/full/2024-02-16-11:31:52_60356.4804688383_cfbf00000_00194.ar,0.0072178984400802565,0.004533069759128874,0.002171363746896384,0.010780652260216189
/b/PROCESSING/03_FOLDS/M28/2024-02-16-11:31:52/cfbf00000/120.0/full/2024-02-16-11:31:52_60356.4804688383_cfbf00000_00046.ar,0.008333906152614465,0.004795194677818977,0.011645126288282804,0.013568931213320317
/b/PROCESSING/03_FOLDS/M28/2024-02-16-11:31:52/cfbf00000/120.0/full/2024-02-16-11:31:52_60356.4804688383_cfbf00000_00195.ar,0.006522486138732367,0.006231279708716833,0.0064624135533796374,0.014077259992304421
/b/PROCESSING/03_FOLDS/M28/2024-02-16-11:31:52/cfbf00000/120.0/full/2024-02-16-11:31:52_60356.4804688383_cfbf00000_00131.ar,0.003608350115708028,0.0049705680454735345,0.05532948961797881,0.007398835248681543
/b/PROCESSING/03_FOLDS/M28/2024-02-16-11:31:52/cfbf00000/120.0/full/2024-02-16-11:31:52_60356.4804688383_cfbf00000_00077.ar,0.004843407164023754,0.0032269913067955666,0.03624141064045992,0.037678345662174824
/b/PROCESSING/03_FOLDS/M28/2024-02-16-11:31:52/cfbf00000/120.0/full/2024-02-16-11:31:52_60356.4804688383_cfbf00000_00146.ar,0.006032704960350593,0.004056943520570309,0.014333337451803319,0.020869093806806814
/b/PROCESSING/03_FOLDS/M28/2024-02-16-11:31:52/cfbf00000/120.0/full/2024-02-16-11:31:52_60356.4804688383_cfbf00000_00021.ar,0.007045127382518513,0.007406559097477088,0.017738376388287062,0.006449593507346441
/b/PROCESSING/03_FOLDS/M28/2024-02-16-11:31:52/cfbf00000/120.0/full/2024-02-16-11:31:52_60356.4804688383_cfbf00000_00032.ar,0.031968449923286665,0.03845498995611373,0.019354443658722194,0.012983484440733644
/b/PROCESSING/03_FOLDS/M28/2024-02-16-11:31:52/cfbf00000/120.0/full/2024-02-16-11:31:52_60356.4804688383_cfbf00000_00073.ar,0.008358165113202988,0.0052724423718506774,0.04606837271690928,0.019609079893412137
/b/PROCESSING/03_FOLDS/M28/2024-02-16-11:31:52/cfbf00000/120.0/full/2024-02-16-11:31:52_60356.4804688383_cfbf00000_00013.ar,0.0029548189919548487,0.00630392422515501,0.0037036001534760496,0.02700807046626425
/b/PROCESSING/03_FOLDS/M28/2024-02-16-11:31:52/cfbf00000/120.0/full/2024-02-16-11:31:52_60356.4804688383_cfbf00000_00043.ar,0.005702546974696418,0.003162141170172069,0.13297419460045856,0.008921094985563717
/b/PROCESSING/03_FOLDS/M28/2024-02-16-11:31:52/cfbf00000/120.0/full/2024-02-16-11:31:52_60356.4804688383_cfbf00000_00063.ar,0.005049048107084549,0.004273157814606092,0.00128757999286786,0.014839821737607235
/b/PROCESSING/03_FOLDS/M28/2024-02-16-11:31:52/cfbf00000/120.0/full/2024-02-16-11:31:52_60356.4804688383_cfbf00000_00010.ar,0.010674970493788795,0.008277162056492102,0.002183405794289508,0.009845774171906334
/b/PROCESSING/03_FOLDS/M28/2024-02-16-11:31:52/cfbf00000/120.0/full/2024-02-16-11:31:52_60356.4804688383_cfbf00000_00191.ar,0.006161565634243028,0.0042084687136516846,0.005672091090418645,0.0074599872474961975
/b/PROCESSING/03_FOLDS/M28/2024-02-16-11:31:52/cfbf00000/120.0/full/2024-02-16-11:31:52_60356.4804688383_cfbf00000_00145.ar,0.007230636903290621,0.00478361575837214,0.0023301385801889215,0.0086358389629587
/b/PROCESSING/03_FOLDS/M28/2024-02-16-11:31:52/cfbf00000/120.0/full/2024-02-16-11:31:52_60356.4804688383_cfbf00000_00171.ar,0.01252262293091151,0.006730952039761847,0.0012749679489937416,0.009306794479667023
/b/PROCESSING/03_FOLDS/M28/2024-02-16-11:31:52/cfbf00000/120.0/full/2024-02-16-11:31:52_60356.4804688383_cfbf00000_00165.ar,0.007725722392296463,0.0044255942294687545,0.0005481328599578053,0.011922113969729193
/b/PROCESSING/03_FOLDS/M28/2024-02-16-11:31:52/cfbf00000/120.0/full/2024-02-16-11:31:52_60356.4804688383_cfbf00000_00185.ar,0.005636872829697678,0.0024960150170711994,0.005990388780362651,0.04261758204954009
/b/PROCESSING/03_FOLDS/M28/2024-02-16-11:31:52/cfbf00000/120.0/full/2024-02-16-11:31:52_60356.4804688383_cfbf00000_00174.ar,0.0030149438830284867,0.004402149175527579,0.00782950302081924,0.009697424341304243
/b/PROCESSING/03_FOLDS/M28/2024-02-16-11:31:52/cfbf00000/120.0/full/2024-02-16-11:31:52_60356.4804688383_cfbf00000_00205.ar,0.0035258816297963915,0.004617928918001982,0.0023172781950300913,0.00890480838664621
/b/PROCESSING/03_FOLDS/M28/2024-02-16-11:31:52/cfbf00000/120.0/full/2024-02-16-11:31:52_60356.4804688383_cfbf00000_00157.ar,0.0036949457276505056,0.003926277404404183,0.009728380673212583,0.0067882443710326115
/b/PROCESSING/03_FOLDS/M28/2024-02-16-11:31:52/cfbf00000/120.0/full/2024-02-16-11:31:52_60356.4804688383_cfbf00000_00159.ar,0.004438187792107413,0.0043918660397144855,0.005016010897851549,0.011245166985941447
/b/PROCESSING/03_FOLDS/M28/2024-02-16-11:31:52/cfbf00000/120.0/full/2024-02-16-11:31:52_60356.4804688383_cfbf00000_00164.ar,0.007936571865905026,0.004992659230720763,0.002317185258431709,0.04342446740586261
/b/PROCESSING/03_FOLDS/M28/2024-02-16-11:31:52/cfbf00000/120.0/full/2024-02-16-11:31:52_60356.4804688383_cfbf00000_00110.ar,0.009982486001395351,0.006665997218072711,0.014491086937258592,0.04010271325984072
/b/PROCESSING/03_FOLDS/M28/2024-02-16-11:31:52/cfbf00000/120.0/full/2024-02-16-11:31:52_60356.4804688383_cfbf00000_00193.ar,0.009130603515718877,0.004514106694719648,0.013838129208312231,0.006083621005305379
/b/PROCESSING/03_FOLDS/M28/2024-02-16-11:31:52/cfbf00000/120.0/full/2024-02-16-11:31:52_60356.4804688383_cfbf00000_00035.ar,0.009142166804309104,0.007023387259373515,0.004685812100682185,0.044191993338979545
/b/PROCESSING/03_FOLDS/M28/2024-02-16-11:31:52/cfbf00000/120.0/full/2024-02-16-11:31:52_60356.4804688383_cfbf00000_00156.ar,0.00884896776595022,0.00701639043788397,0.0006287800846938008,0.008015368111534228
/b/PROCESSING/03_FOLDS/M28/2024-02-16-11:31:52/cfbf00000/120.0/full/2024-02-16-11:31:52_60356.4804688383_cfbf00000_00019.ar,0.05544543270930943,0.01721960091740105,0.010987875491157668,0.0072533170167420665
/b/PROCESSING/03_FOLDS/M28/2024-02-16-11:31:52/cfbf00000/120.0/full/2024-02-16-11:31:52_60356.4804688383_cfbf00000_00103.ar,0.002437497503914253,0.004595525261539796,0.0004443621685509932,0.020808735674593636
/b/PROCESSING/03_FOLDS/M28/2024-02-16-11:31:52/cfbf00000/120.0/full/2024-02-16-11:31:52_60356.4804688383_cfbf00000_00140.ar,0.004636940843757178,0.004105209050149481,0.19417887470890818,0.007982881620043788
/b/PROCESSING/03_FOLDS/M28/2024-02-16-11:31:52/cfbf00000/120.0/full/2024-02-16-11:31:52_60356.4804688383_cfbf00000_00022.ar,0.005157204349698784,0.0038884042910559786,0.00250109017052658,0.009417867147092352
/b/PROCESSING/03_FOLDS/M28/2024-02-16-11:31:52/cfbf00000/120.0/full/2024-02-16-11:31:52_60356.4804688383_cfbf00000_00037.ar,0.005922310196384563,0.004241106052515222,0.031680404222594126,0.009214343746473919
/b/PROCESSING/03_FOLDS/M28/2024-02-16-11:31:52/cfbf00000/120.0/full/2024-02-16-11:31:52_60356.4804688383_cfbf00000_00147.ar,0.007450765856358251,0.004676190686945775,0.02708836843850942,0.008099850024353816
/b/PROCESSING/03_FOLDS/M28/2024-02-16-11:31:52/cfbf00000/120.0/full/2024-02-16-11:31:52_60356.4804688383_cfbf00000_00170.ar,0.006732357410604776,0.004649459721096396,0.03355521319537079,0.00962130691105583
/b/PROCESSING/03_FOLDS/M28/2024-02-16-11:31:52/cfbf00000/120.0/full/2024-02-16-11:31:52_60356.4804688383_cfbf00000_00204.ar,0.006237086808108605,0.004615287183019582,0.030164728467885493,0.007955446998098688
/b/PROCESSING/03_FOLDS/M28/2024-02-16-11:31:52/cfbf00000/120.0/full/2024-02-16-11:31:52_60356.4804688383_cfbf00000_00026.ar,0.00823007727324821,0.0032455219310521108,0.0016312843790218083,0.032958668126625915
/b/PROCESSING/03_FOLDS/M28/2024-02-16-11:31:52/cfbf00000/120.0/full/2024-02-16-11:31:52_60356.4804688383_cfbf00000_00052.ar,0.007551779324934122,0.004344258373706355,0.0021802069283438706,0.008944190541653555
/b/PROCESSING/03_FOLDS/M28/2024-02-16-11:31:52/cfbf00000/120.0/full/2024-02-16-11:31:52_60356.4804688383_cfbf00000_00005.ar,0.9639322622080034,0.9246839444341415,0.9794701726361773,0.9874446316114104
/b/PROCESSING/03_FOLDS/M28/2024-02-16-11:31:52/cfbf00000/120.0/full/2024-02-16-11:31:52_60356.4804688383_cfbf00000_00113.ar,0.007409286799683855,0.008060951125659866,0.016417560672554246,0.012111291323902288
/b/PROCESSING/03_FOLDS/M28/2024-02-16-11:31:52/cfbf00000/120.0/full/2024-02-16-11:31:52_60356.4804688383_cfbf00000_00079.ar,0.008100217299365404,0.004734091376814914,0.004958291447191217,0.007395287171147094
/b/PROCESSING/03_FOLDS/M28/2024-02-16-11:31:52/cfbf00000/120.0/full/2024-02-16-11:31:52_60356.4804688383_cfbf00000_00004.ar,0.9792961161141284,0.8174236263235344,0.06003537637683382,0.413197566778935
/b/PROCESSING/03_FOLDS/M28/2024-02-16-11:31:52/cfbf00000/120.0/full/2024-02-16-11:31:52_60356.4804688383_cfbf00000_00192.ar,0.008219730843231604,0.0029893831943030888,0.009388043841051913,0.011754597251140596
/b/PROCESSING/03_FOLDS/M28/2024-02-16-11:31:52/cfbf00000/120.0/full/2024-02-16-11:31:52_60356.4804688383_cfbf00000_00080.ar,0.006199714064834488,0.004347715009784829,0.0007035449675688191,0.00677722417667542
/b/PROCESSING/03_FOLDS/M28/2024-02-16-11:31:52/cfbf00000/120.0/full/2024-02-16-11:31:52_60356.4804688383_cfbf00000_00132.ar,0.008933192310205715,0.0053229974340432635,0.04879687877424346,0.009217758588571346
/b/PROCESSING/03_FOLDS/M28/2024-02-16-11:31:52/cfbf00000/120.0/full/2024-02-16-11:31:52_60356.4804688383_cfbf00000_00017.ar,0.03132611278921411,0.04344992248568031,0.023755775331624557,0.9765414708148439
/b/PROCESSING/03_FOLDS/M28/2024-02-16-11:31:52/cfbf00000/120.0/full/2024-02-16-11:31:52_60356.4804688383_cfbf00000_00074.ar,0.008376771081882717,0.005088846934129868,0.009663264334529064,0.02159433627363418
/b/PROCESSING/03_FOLDS/M28/2024-02-16-11:31:52/cfbf00000/120.0/full/2024-02-16-11:31:52_60356.4804688383_cfbf00000_00183.ar,0.0043278858986690654,0.004832532957650551,0.0014535357197150661,0.007706799539176203
/b/PROCESSING/03_FOLDS/M28/2024-02-16-11:31:52/cfbf00000/120.0/full/2024-02-16-11:31:52_60356.4804688383_cfbf00000_00184.ar,0.004262297322092719,0.004691792171366623,0.01712033836121106,0.008778960271329204
/b/PROCESSING/03_FOLDS/M28/2024-02-16-11:31:52/cfbf00000/120.0/full/2024-02-16-11:31:52_60356.4804688383_cfbf00000_00152.ar,0.00335737850349521,0.005131662373763815,0.004673749990357003,0.00897632766989664
/b/PROCESSING/03_FOLDS/M28/2024-02-16-11:31:52/cfbf00000/120.0/full/2024-02-16-11:31:52_60356.4804688383_cfbf00000_00139.ar,0.005194863778742573,0.0017485303056428772,0.001423627303693827,0.007405597892766344
/b/PROCESSING/03_FOLDS/M28/2024-02-16-11:31:52/cfbf00000/120.0/full/2024-02-16-11:31:52_60356.4804688383_cfbf00000_00092.ar,0.011818199043207793,0.0070405565929079076,0.03388477229838696,0.024310727466802847
/b/PROCESSING/03_FOLDS/M28/2024-02-16-11:31:52/cfbf00000/120.0/full/2024-02-16-11:31:52_60356.4804688383_cfbf00000_00081.ar,0.00410348830484778,0.0048642916990976415,0.002629298255609136,0.007188080292025665
/b/PROCESSING/03_FOLDS/M28/2024-02-16-11:31:52/cfbf00000/120.0/full/2024-02-16-11:31:52_60356.4804688383_cfbf00000_00130.ar,0.006412680577415605,0.005056192509509103,0.026947623187606386,0.008378556714779611
/b/PROCESSING/03_FOLDS/M28/2024-02-16-11:31:52/cfbf00000/120.0/full/2024-02-16-11:31:52_60356.4804688383_cfbf00000_00177.ar,0.006570596962896874,0.004421639884196132,0.005767289568240891,0.017888990490328847
/b/PROCESSING/03_FOLDS/M28/2024-02-16-11:31:52/cfbf00000/120.0/full/2024-02-16-11:31:52_60356.4804688383_cfbf00000_00038.ar,0.008711708159264262,0.004364619375648585,0.001488630984769172,0.007289588850333197
/b/PROCESSING/03_FOLDS/M28/2024-02-16-11:31:52/cfbf00000/120.0/full/2024-02-16-11:31:52_60356.4804688383_cfbf00000_00002.ar,0.9996078921492971,0.9984406113451337,0.9959223641474033,0.9984014805861076
/b/PROCESSING/03_FOLDS/M28/2024-02-16-11:31:52/cfbf00000/120.0/full/2024-02-16-11:31:52_60356.4804688383_cfbf00000_00206.ar,0.005923062796741615,0.004961795082336652,0.0035857633111138613,0.010742386019073083
/b/PROCESSING/03_FOLDS/M28/2024-02-16-11:31:52/cfbf00000/120.0/full/2024-02-16-11:31:52_60356.4804688383_cfbf00000_00141.ar,0.006462486622193979,0.0027159999995287508,0.01788466347054632,0.013600848652786221
/b/PROCESSING/03_FOLDS/M28/2024-02-16-11:31:52/cfbf00000/120.0/full/2024-02-16-11:31:52_60356.4804688383_cfbf00000_00056.ar,0.010292393520042417,0.005472373096728716,0.0008664375328794052,0.007365788922257318
/b/PROCESSING/03_FOLDS/M28/2024-02-16-11:31:52/cfbf00000/120.0/full/2024-02-16-11:31:52_60356.4804688383_cfbf00000_00117.ar,0.007590146822784794,0.0046263925000849535,0.02071758347426263,0.008553404709423805
/b/PROCESSING/03_FOLDS/M28/2024-02-16-11:31:52/cfbf00000/120.0/full/2024-02-16-11:31:52_60356.4804688383_cfbf00000_00023.ar,0.009492483357759644,0.004047768959093502,0.004214805984406829,0.009285219684140804
/b/PROCESSING/03_FOLDS/M28/2024-02-16-11:31:52/cfbf00000/120.0/full/2024-02-16-11:31:52_60356.4804688383_cfbf00000_00124.ar,0.0030693121191793923,0.004747341019385788,0.00751819685318618,0.0071937430414893795
/b/PROCESSING/03_FOLDS/M28/2024-02-16-11:31:52/cfbf00000/120.0/full/2024-02-16-11:31:52_60356.4804688383_cfbf00000_00168.ar,0.005185028879335346,0.005158266175700182,0.004757263986775996,0.0076617181838271875
/b/PROCESSING/03_FOLDS/M28/2024-02-16-11:31:52/cfbf00000/120.0/full/2024-02-16-11:31:52_60356.4804688383_cfbf00000_00133.ar,0.033613599272123415,0.021774554858958274,0.001920763647861515,0.010870996045478785
/b/PROCESSING/03_FOLDS/M28/2024-02-16-11:31:52/cfbf00000/120.0/full/2024-02-16-11:31:52_60356.4804688383_cfbf00000_00040.ar,0.008314426655168359,0.00493985608651125,0.0031874214121092818,0.034927847574451845
/b/PROCESSING/03_FOLDS/M28/2024-02-16-11:31:52/cfbf00000/120.0/full/2024-02-16-11:31:52_60356.4804688383_cfbf00000_00114.ar,0.008452515816482738,0.00518825745129769,0.0008430508295717361,0.008408962758989492
/b/PROCESSING/03_FOLDS/M28/2024-02-16-11:31:52/cfbf00000/120.0/full/2024-02-16-11:31:52_60356.4804688383_cfbf00000_00020.ar,0.002798709922028174,0.004286769330955624,0.001394464925459666,0.01017085629676307
/b/PROCESSING/03_FOLDS/M28/2024-02-16-11:31:52/cfbf00000/120.0/full/2024-02-16-11:31:52_60356.4804688383_cfbf00000_00182.ar,0.0038776280304100913,0.0038031513540369897,0.04271790327159494,0.019579477606464286
/b/PROCESSING/03_FOLDS/M28/2024-02-16-11:31:52/cfbf00000/120.0/full/2024-02-16-11:31:52_60356.4804688383_cfbf00000_00101.ar,0.0033833486414090964,0.004537054823800825,0.0029066224596678947,0.007962970450225083
/b/PROCESSING/03_FOLDS/M28/2024-02-16-11:31:52/cfbf00000/120.0/full/2024-02-16-11:31:52_60356.4804688383_cfbf00000_00173.ar,0.005262931163081484,0.003341602060863879,0.003466420219356271,0.005173686294658486
/b/PROCESSING/03_FOLDS/M28/2024-02-16-11:31:52/cfbf00000/120.0/full/2024-02-16-11:31:52_60356.4804688383_cfbf00000_00065.ar,0.0056510652955890734,0.00387134864121295,0.006251019018893217,0.015230945759577064
/b/PROCESSING/03_FOLDS/M28/2024-02-16-11:31:52/cfbf00000/120.0/full/2024-02-16-11:31:52_60356.4804688383_cfbf00000_00144.ar,0.004144342946405399,0.005318214292066527,0.0005784267679058084,0.008105109929148731
/b/PROCESSING/03_FOLDS/M28/2024-02-16-11:31:52/cfbf00000/120.0/full/2024-02-16-11:31:52_60356.4804688383_cfbf00000_00190.ar,0.009163509482504401,0.007794472255841291,0.008824508762566213,0.008112372190192892
/b/PROCESSING/03_FOLDS/M28/2024-02-16-11:31:52/cfbf00000/120.0/full/2024-02-16-11:31:52_60356.4804688383_cfbf00000_00068.ar,0.010236909223684247,0.00848643246243502,0.007887336744681802,0.009340894453781376
/b/PROCESSING/03_FOLDS/M28/2024-02-16-11:31:52/cfbf00000/120.0/full/2024-02-16-11:31:52_60356.4804688383_cfbf00000_00076.ar,0.00887429944149327,0.005191102484163591,0.0017528549111222585,0.008008168661206861
/b/PROCESSING/03_FOLDS/M28/2024-02-16-11:31:52/cfbf00000/120.0/full/2024-02-16-11:31:52_60356.4804688383_cfbf00000_00123.ar,0.002888752701331397,0.005172087876937936,0.006904608189565422,0.007716410865419516
/b/PROCESSING/03_FOLDS/M28/2024-02-16-11:31:52/cfbf00000/120.0/full/2024-02-16-11:31:52_60356.4804688383_cfbf00000_00055.ar,0.005185188961378771,0.004268426868588044,0.0010102111568476646,0.007490154519566334
/b/PROCESSING/03_FOLDS/M28/2024-02-16-11:31:52/cfbf00000/120.0/full/2024-02-16-11:31:52_60356.4804688383_cfbf00000_00136.ar,0.006747251530577372,0.007562209629717182,0.02570241931112563,0.006608019337930223
/b/PROCESSING/03_FOLDS/M28/2024-02-16-11:31:52/cfbf00000/120.0/full/2024-02-16-11:31:52_60356.4804688383_cfbf00000_00097.ar,0.008573179899480931,0.0047847907342909515,0.0030205923175510036,0.017916932385359838
/b/PROCESSING/03_FOLDS/M28/2024-02-16-11:31:52/cfbf00000/120.0/full/2024-02-16-11:31:52_60356.4804688383_cfbf00000_00105.ar,0.007365493973512519,0.00665057499274322,0.042160227856970656,0.010112216645671525
/b/PROCESSING/03_FOLDS/M28/2024-02-16-11:31:52/cfbf00000/120.0/full/2024-02-16-11:31:52_60356.4804688383_cfbf00000_00151.ar,0.004687659444947781,0.0053082704386066114,0.0032809333425681455,0.00877820341891537
/b/PROCESSING/03_FOLDS/M28/2024-02-16-11:31:52/cfbf00000/120.0/full/2024-02-16-11:31:52_60356.4804688383_cfbf00000_00198.ar,0.006364494193957894,0.013559566548443822,0.016769151889127733,0.009404311054696296
/b/PROCESSING/03_FOLDS/M28/2024-02-16-11:31:52/cfbf00000/120.0/full/2024-02-16-11:31:52_60356.4804688383_cfbf00000_00188.ar,0.005763094240098574,0.0040338187506570086,0.0012555241896709353,0.009789765655450216
/b/PROCESSING/03_FOLDS/M28/2024-02-16-11:31:52/cfbf00000/120.0/full/2024-02-16-11:31:52_60356.4804688383_cfbf00000_00118.ar,0.004816775401298607,0.0040539489764507474,0.003088483061211955,0.0066058823020217865
/b/PROCESSING/03_FOLDS/M28/2024-02-16-11:31:52/cfbf00000/120.0/full/2024-02-16-11:31:52_60356.4804688383_cfbf00000_00200.ar,0.0072936188383787145,0.004881733664156939,0.04780418729427375,0.007652650191487693
/b/PROCESSING/03_FOLDS/M28/2024-02-16-11:31:52/cfbf00000/120.0/full/2024-02-16-11:31:52_60356.4804688383_cfbf00000_00176.ar,0.005774062218215314,0.005395227997652263,0.003235422276764814,0.014847065869150187
/b/PROCESSING/03_FOLDS/M28/2024-02-16-11:31:52/cfbf00000/120.0/full/2024-02-16-11:31:52_60356.4804688383_cfbf00000_00084.ar,0.008827189399583978,0.0051997724196194495,0.008716921783932378,0.008108299050647035
/b/PROCESSING/03_FOLDS/M28/2024-02-16-11:31:52/cfbf00000/120.0/full/2024-02-16-11:31:52_60356.4804688383_cfbf00000_00098.ar,0.005937856525839514,0.004286797385551713,0.006480270841505642,0.01587089892629687
/b/PROCESSING/03_FOLDS/M28/2024-02-16-11:31:52/cfbf00000/120.0/full/2024-02-16-11:31:52_60356.4804688383_cfbf00000_00072.ar,0.004138830895203285,0.004708659706100416,0.0021361854973494946,0.007506428558597635
/b/PROCESSING/03_FOLDS/M28/2024-02-16-11:31:52/cfbf00000/120.0/full/2024-02-16-11:31:52_60356.4804688383_cfbf00000_00033.ar,0.009815625643607696,0.0056098915882678456,0.008405350339293146,0.03149124173616132
/b/PROCESSING/03_FOLDS/M28/2024-02-16-11:31:52/cfbf00000/120.0/full/2024-02-16-11:31:52_60356.4804688383_cfbf00000_00104.ar,0.008392819840344458,0.0066337101157990476,0.0014678524578159784,0.017377240960849177
/b/PROCESSING/03_FOLDS/M28/2024-02-16-11:31:52/cfbf00000/120.0/full/2024-02-16-11:31:52_60356.4804688383_cfbf00000_00089.ar,0.0038168652905720165,0.004766350455715825,0.006270705234472156,0.05321674818705079
/b/PROCESSING/03_FOLDS/M28/2024-02-16-11:31:52/cfbf00000/120.0/full/2024-02-16-11:31:52_60356.4804688383_cfbf00000_00189.ar,0.006520001575746799,0.004172154874939328,0.007855945880068271,0.015329165645243212
/b/PROCESSING/03_FOLDS/M28/2024-02-16-11:31:52/cfbf00000/120.0/full/2024-02-16-11:31:52_60356.4804688383_cfbf00000_00115.ar,0.003555750388402825,0.004487468285657474,0.0008938189159965654,0.008259543477993096
/b/PROCESSING/03_FOLDS/M28/2024-02-16-11:31:52/cfbf00000/120.0/full/2024-02-16-11:31:52_60356.4804688383_cfbf00000_00150.ar,0.0054325959948187,0.004140733414540439,0.00622507657559743,0.007459400782820504
/b/PROCESSING/03_FOLDS/M28/2024-02-16-11:31:52/cfbf00000/120.0/full/2024-02-16-11:31:52_60356.4804688383_cfbf00000_00160.ar,0.006919695445307341,0.004654399920476287,0.0031740483325728495,0.01002181470018645
/b/PROCESSING/03_FOLDS/M28/2024-02-16-11:31:52/cfbf00000/120.0/full/2024-02-16-11:31:52_60356.4804688383_cfbf00000_00082.ar,0.008132806895638736,0.003975919112683927,0.0038598089227896595,0.011173466462587087
/b/PROCESSING/03_FOLDS/M28/2024-02-16-11:31:52/cfbf00000/120.0/full/2024-02-16-11:31:52_60356.4804688383_cfbf00000_00049.ar,0.0034345714591570964,0.004417825215116137,0.0005825645592228068,0.030745078481050903
/b/PROCESSING/03_FOLDS/M28/2024-02-16-11:31:52/cfbf00000/120.0/full/2024-02-16-11:31:52_60356.4804688383_cfbf00000_00094.ar,0.007832667643271132,0.005394573620627149,0.01066059170682559,0.015149416667494404
/b/PROCESSING/03_FOLDS/M28/2024-02-16-11:31:52/cfbf00000/120.0/full/2024-02-16-11:31:52_60356.4804688383_cfbf00000_00127.ar,0.004048592231593097,0.005066463006373611,0.003464372648277737,0.00772540566352461
/b/PROCESSING/03_FOLDS/M28/2024-02-16-11:31:52/cfbf00000/120.0/full/2024-02-16-11:31:52_60356.4804688383_cfbf00000_00155.ar,0.005471725223191838,0.005038578095884924,0.002482820783684368,0.00958349639801659
/b/PROCESSING/03_FOLDS/M28/2024-02-16-11:31:52/cfbf00000/120.0/full/2024-02-16-11:31:52_60356.4804688383_cfbf00000_00172.ar,0.008101862533216217,0.005446853672190552,0.002934239911183621,0.006851980338672964
/b/PROCESSING/03_FOLDS/M28/2024-02-16-11:31:52/cfbf00000/120.0/full/2024-02-16-11:31:52_60356.4804688383_cfbf00000_00045.ar,0.00755217307417477,0.005027658951678996,0.0024279272403970706,0.017568377278348188
/b/PROCESSING/03_FOLDS/M28/2024-02-16-11:31:52/cfbf00000/120.0/full/2024-02-16-11:31:52_60356.4804688383_cfbf00000_00106.ar,0.006089364476091723,0.004044345847191553,0.03543928690211954,0.007945059370134866
/b/PROCESSING/03_FOLDS/M28/2024-02-16-11:31:52/cfbf00000/120.0/full/2024-02-16-11:31:52_60356.4804688383_cfbf00000_00006.ar,0.4751524308249891,0.2905661842345854,0.015843891950018264,0.5166079690871423
/b/PROCESSING/03_FOLDS/M28/2024-02-16-11:31:52/cfbf00000/120.0/full/2024-02-16-11:31:52_60356.4804688383_cfbf00000_00119.ar,0.0598379213700421,0.02370336140017313,0.0067580625975644714,0.009152722481760769
/b/PROCESSING/03_FOLDS/M28/2024-02-16-11:31:52/cfbf00000/120.0/full/2024-02-16-11:31:52_60356.4804688383_cfbf00000_00015.ar,0.004639890937526833,0.005990270687306853,0.017419093627565285,0.010462180400338887
/b/PROCESSING/03_FOLDS/M28/2024-02-16-11:31:52/cfbf00000/120.0/full/2024-02-16-11:31:52_60356.4804688383_cfbf00000_00085.ar,0.007367816707301046,0.005260149950418367,0.016464101691715527,0.013869223412912473
/b/PROCESSING/03_FOLDS/M28/2024-02-16-11:31:52/cfbf00000/120.0/full/2024-02-16-11:31:52_60356.4804688383_cfbf00000_00148.ar,0.0020260569684859577,0.0035353272205346244,0.008039377456674091,0.006676579068595787
/b/PROCESSING/03_FOLDS/M28/2024-02-16-11:31:52/cfbf00000/120.0/full/2024-02-16-11:31:52_60356.4804688383_cfbf00000_00044.ar,0.009021761337895472,0.010102851608444686,0.0011826856741501744,0.05207393687078825
/b/PROCESSING/03_FOLDS/M28/2024-02-16-11:31:52/cfbf00000/120.0/full/2024-02-16-11:31:52_60356.4804688383_cfbf00000_00142.ar,0.006888821091088497,0.005443700666429212,0.026007780814811258,0.01801092186980747
/b/PROCESSING/03_FOLDS/M28/2024-02-16-11:31:52/cfbf00000/120.0/full/2024-02-16-11:31:52_60356.4804688383_cfbf00000_00197.ar,0.004351279579660315,0.0037599138115965267,0.002636399860988308,0.005760429341381101
/b/PROCESSING/03_FOLDS/M28/2024-02-16-11:31:52/cfbf00000/120.0/full/2024-02-16-11:31:52_60356.4804688383_cfbf00000_00018.ar,0.9293992009666584,0.42819563575040737,0.8617186904726301,0.08977553099633587
/b/PROCESSING/03_FOLDS/M28/2024-02-16-11:31:52/cfbf00000/120.0/full/2024-02-16-11:31:52_60356.4804688383_cfbf00000_00042.ar,0.00937315625699656,0.006177638306735713,0.01301355108328549,0.014093237668655278
/b/PROCESSING/03_FOLDS/M28/2024-02-16-11:31:52/cfbf00000/120.0/full/2024-02-16-11:31:52_60356.4804688383_cfbf00000_00075.ar,0.00901764696384658,0.0041775339423350336,0.10374896484827058,0.012530232551231148
/b/PROCESSING/03_FOLDS/M28/2024-02-16-11:31:52/cfbf00000/120.0/full/2024-02-16-11:31:52_60356.4804688383_cfbf00000_00036.ar,0.008197405371167525,0.005173679111222947,0.003855203659263978,0.007206353102198614
/b/PROCESSING/03_FOLDS/M28/2024-02-16-11:31:52/cfbf00000/120.0/full/2024-02-16-11:31:52_60356.4804688383_cfbf00000_00011.ar,0.006948099091116544,0.005292494524071146,0.0055657372694275856,0.015819144817226596
/b/PROCESSING/03_FOLDS/M28/2024-02-16-11:31:52/cfbf00000/120.0/full/2024-02-16-11:31:52_60356.4804688383_cfbf00000_00134.ar,0.007727294403000504,0.005205676867776202,0.10048214320673132,0.007585998352640907
/b/PROCESSING/03_FOLDS/M28/2024-02-16-11:31:52/cfbf00000/120.0/full/2024-02-16-11:31:52_60356.4804688383_cfbf00000_00100.ar,0.005678126027406135,0.004058471371733621,0.006044186305537223,0.00834965913283244
/b/PROCESSING/03_FOLDS/M28/2024-02-16-11:31:52/cfbf00000/120.0/full/2024-02-16-11:31:52_60356.4804688383_cfbf00000_00108.ar,0.010113382742129085,0.00721233067146314,0.023770357772763512,0.008567301563012383
/b/PROCESSING/03_FOLDS/M28/2024-02-16-11:31:52/cfbf00000/120.0/full/2024-02-16-11:31:52_60356.4804688383_cfbf00000_00102.ar,0.00662778753191398,0.00401745089096469,0.00237120868067386,0.008162114447972359
/b/PROCESSING/03_FOLDS/M28/2024-02-16-11:31:52/cfbf00000/120.0/full/2024-02-16-11:31:52_60356.4804688383_cfbf00000_00034.ar,0.00845465646394953,0.004605848895898184,0.0019908597924547075,0.012621073504029254
/b/PROCESSING/03_FOLDS/M28/2024-02-16-11:31:52/cfbf00000/120.0/full/2024-02-16-11:31:52_60356.4804688383_cfbf00000_00041.ar,0.009664917879956674,0.011830284390273288,0.006412403262464851,0.007918212934705769
/b/PROCESSING/03_FOLDS/M28/2024-02-16-11:31:52/cfbf00000/120.0/full/2024-02-16-11:31:52_60356.4804688383_cfbf00000_00125.ar,0.006941950420784303,0.00450858491177435,0.003354568855460446,0.026649884217033317
/b/PROCESSING/03_FOLDS/M28/2024-02-16-11:31:52/cfbf00000/120.0/full/2024-02-16-11:31:52_60356.4804688383_cfbf00000_00138.ar,0.0061197014776306425,0.004289731325414552,0.02908744883121963,0.011892414642007602
/b/PROCESSING/03_FOLDS/M28/2024-02-16-11:31:52/cfbf00000/120.0/full/2024-02-16-11:31:52_60356.4804688383_cfbf00000_00166.ar,0.0068288025046725955,0.005195700332282856,0.001446278218576801,0.007815926321627344
/b/PROCESSING/03_FOLDS/M28/2024-02-16-11:31:52/cfbf00000/120.0/full/2024-02-16-11:31:52_60356.4804688383_cfbf00000_00012.ar,0.007011331755121341,0.005317595773605524,0.022396268845075878,0.019738659122065544
/b/PROCESSING/03_FOLDS/M28/2024-02-16-11:31:52/cfbf00000/120.0/full/2024-02-16-11:31:52_60356.4804688383_cfbf00000_00031.ar,0.015179611678774654,0.007782604665872597,0.011712359322788708,0.013802031363727745
/b/PROCESSING/03_FOLDS/M28/2024-02-16-11:31:52/cfbf00000/120.0/full/2024-02-16-11:31:52_60356.4804688383_cfbf00000_00120.ar,0.0070325623515135,0.005259800591896077,0.0026188701512717114,0.008280547257606909
/b/PROCESSING/03_FOLDS/M28/2024-02-16-11:31:52/cfbf00000/120.0/full/2024-02-16-11:31:52_60356.4804688383_cfbf00000_00121.ar,0.004584610024223748,0.0047134151900784255,0.0005012286019386565,0.009050146432836826
/b/PROCESSING/03_FOLDS/M28/2024-02-16-11:31:52/cfbf00000/120.0/full/2024-02-16-11:31:52_60356.4804688383_cfbf00000_00067.ar,0.00947408821139362,0.00548964295479836,0.0003129148300168106,0.012963037964248575
/b/PROCESSING/03_FOLDS/M28/2024-02-16-11:31:52/cfbf00000/120.0/full/2024-02-16-11:31:52_60356.4804688383_cfbf00000_00099.ar,0.005775777076193386,0.004102640053231785,0.012775804704922756,0.012955242591844414
/b/PROCESSING/03_FOLDS/M28/2024-02-16-11:31:52/cfbf00000/120.0/full/2024-02-16-11:31:52_60356.4804688383_cfbf00000_00071.ar,0.005500605163230017,0.005806726049553637,0.00192717946105047,0.01141944135392729
/b/PROCESSING/03_FOLDS/M28/2024-02-16-11:31:52/cfbf00000/120.0/full/2024-02-16-11:31:52_60356.4804688383_cfbf00000_00078.ar,0.006223997362217668,0.004316578337000233,0.014147929518216754,0.00801010596293532
/b/PROCESSING/03_FOLDS/M28/2024-02-16-11:31:52/cfbf00000/120.0/full/2024-02-16-11:31:52_60356.4804688383_cfbf00000_00154.ar,0.005639609269378684,0.00266053968058343,0.03510120476657618,0.004487359824397766
/b/PROCESSING/03_FOLDS/M28/2024-02-16-11:31:52/cfbf00000/120.0/full/2024-02-16-11:31:52_60356.4804688383_cfbf00000_00180.ar,0.003906261384712032,0.004365196161207268,0.04858153680116448,0.00833693197601483
/b/PROCESSING/03_FOLDS/M28/2024-02-16-11:31:52/cfbf00000/120.0/full/2024-02-16-11:31:52_60356.4804688383_cfbf00000_00181.ar,0.007483437133317829,0.005784319007834767,0.013252311122541771,0.01039484624568071
/b/PROCESSING/03_FOLDS/M28/2024-02-16-11:31:52/cfbf00000/120.0/full/2024-02-16-11:31:52_60356.4804688383_cfbf00000_00051.ar,0.005290882041110071,0.007478888738219619,0.15853034552821185,0.03327932996914683
/b/PROCESSING/03_FOLDS/M28/2024-02-16-11:31:52/cfbf00000/120.0/full/2024-02-16-11:31:52_60356.4804688383_cfbf00000_00126.ar,0.0019642003616163126,0.0036110602028729547,0.003482905016565519,0.006445020350172925
/b/PROCESSING/03_FOLDS/M28/2024-02-16-11:31:52/cfbf00000/120.0/full/2024-02-16-11:31:52_60356.4804688383_cfbf00000_00107.ar,0.0024202128691322416,0.003934200695627539,0.012709651346357922,0.01434035583331884
/b/PROCESSING/03_FOLDS/M28/2024-02-16-11:31:52/cfbf00000/120.0/full/2024-02-16-11:31:52_60356.4804688383_cfbf00000_00186.ar,0.016786885180267153,0.010462154991049886,0.026482418942601987,0.009484584229032702
/b/PROCESSING/03_FOLDS/M28/2024-02-16-11:31:52/cfbf00000/120.0/full/2024-02-16-11:31:52_60356.4804688383_cfbf00000_00064.ar,0.0051400238186714705,0.0049293711557483536,0.0008161376763297253,0.008999072319994174
/b/PROCESSING/03_FOLDS/M28/2024-02-16-11:31:52/cfbf00000/120.0/full/2024-02-16-11:31:52_60356.4804688383_cfbf00000_00059.ar,0.007476615699214973,0.004986826387454659,0.0047585193990895775,0.015750037253614072
/b/PROCESSING/03_FOLDS/M28/2024-02-16-11:31:52/cfbf00000/120.0/full/2024-02-16-11:31:52_60356.4804688383_cfbf00000_00096.ar,0.005740268307148197,0.0013375408645842554,0.03372042131718186,0.011522258258008086
/b/PROCESSING/03_FOLDS/M28/2024-02-16-11:31:52/cfbf00000/120.0/full/2024-02-16-11:31:52_60356.4804688383_cfbf00000_00128.ar,0.007429930088806309,0.005609227515663456,0.008891140108484272,0.0132524262693919
/b/PROCESSING/03_FOLDS/M28/2024-02-16-11:31:52/cfbf00000/120.0/full/2024-02-16-11:31:52_60356.4804688383_cfbf00000_00167.ar,0.009338682160332335,0.004677997230737752,0.5122473356683925,0.0192056337430538
/b/PROCESSING/03_FOLDS/M28/2024-02-16-11:31:52/cfbf00000/120.0/full/2024-02-16-11:31:52_60356.4804688383_cfbf00000_00129.ar,0.004239579247673156,0.014650697055006026,0.0002601628556089999,0.006854203485361167
/b/PROCESSING/03_FOLDS/M28/2024-02-16-11:31:52/cfbf00000/120.0/full/2024-02-16-11:31:52_60356.4804688383_cfbf00000_00161.ar,0.0052313967133107665,0.008010292257544351,0.007366446772221377,0.009890306745358218
/b/PROCESSING/03_FOLDS/M28/2024-02-16-11:31:52/cfbf00000/120.0/full/2024-02-16-11:31:52_60356.4804688383_cfbf00000_00083.ar,0.006702589456479068,0.004798831974767026,0.005143678061295284,0.006942756645713602
/b/PROCESSING/03_FOLDS/M28/2024-02-16-11:31:52/cfbf00000/120.0/full/2024-02-16-11:31:52_60356.4804688383_cfbf00000_00187.ar,0.10731222658591322,0.17805207713632348,0.043055839441266716,0.011915560713820082
/b/PROCESSING/03_FOLDS/M28/2024-02-16-11:31:52/cfbf00000/120.0/full/2024-02-16-11:31:52_60356.4804688383_cfbf00000_00029.ar,0.009059614453051324,0.00418205838757144,0.00731888422929665,0.008856471441470438
/b/PROCESSING/03_FOLDS/M28/2024-02-16-11:31:52/cfbf00000/120.0/full/2024-02-16-11:31:52_60356.4804688383_cfbf00000_00111.ar,0.005211879071038862,0.0038830862739877574,0.014211899817916809,0.0074044193750416815
/b/PROCESSING/03_FOLDS/M28/2024-02-16-11:31:52/cfbf00000/120.0/full/2024-02-16-11:31:52_60356.4804688383_cfbf00000_00050.ar,0.009099556334759288,0.006139209366925703,0.17869134815897134,0.02012342379674288
/b/PROCESSING/03_FOLDS/M28/2024-02-16-11:31:52/cfbf00000/120.0/full/2024-02-16-11:31:52_60356.4804688383_cfbf00000_00158.ar,0.005494927646072455,0.0037085682681453768,0.01255837538874281,0.019913803692365402
/b/PROCESSING/03_FOLDS/M28/2024-02-16-11:31:52/cfbf00000/120.0/full/2024-02-16-11:31:52_60356.4804688383_cfbf00000_00203.ar,0.008867781429254883,0.005010230145461036,0.005304075700451301,0.008064684932210136
/b/PROCESSING/03_FOLDS/M28/2024-02-16-11:31:52/cfbf00000/120.0/full/2024-02-16-11:31:52_60356.4804688383_cfbf00000_00087.ar,0.005771275431377355,0.004584279093921722,0.005027859679044063,0.007691901438841093
/b/PROCESSING/03_FOLDS/M28/2024-02-16-11:31:52/cfbf00000/120.0/full/2024-02-16-11:31:52_60356.4804688383_cfbf00000_00178.ar,0.0033658683300505656,0.0047581844617161405,0.0035114364804413748,0.007814533205608732
/b/PROCESSING/03_FOLDS/M28/2024-02-16-11:31:52/cfbf00000/120.0/full/2024-02-16-11:31:52_60356.4804688383_cfbf00000_00149.ar,0.0060564769677655126,0.004123848071796685,0.034871624520138256,0.01810057075704988
/b/PROCESSING/03_FOLDS/M28/2024-02-16-11:31:52/cfbf00000/120.0/full/2024-02-16-11:31:52_60356.4804688383_cfbf00000_00163.ar,0.004573802220168943,0.004025224948048129,0.009345079586222332,0.0066653994295045715
/b/PROCESSING/03_FOLDS/M28/2024-02-16-11:31:52/cfbf00000/120.0/full/2024-02-16-11:31:52_60356.4804688383_cfbf00000_00162.ar,0.007940897005692255,0.006645857778936315,0.08378450012509144,0.01353147352141723
/b/PROCESSING/03_FOLDS/M28/2024-02-16-11:31:52/cfbf00000/120.0/full/2024-02-16-11:31:52_60356.4804688383_cfbf00000_00066.ar,0.0041568268922155364,0.005894591715584297,0.001439658530363014,0.006282610472987425
/b/PROCESSING/03_FOLDS/M28/2024-02-16-11:31:52/cfbf00000/120.0/full/2024-02-16-11:31:52_60356.4804688383_cfbf00000_00086.ar,0.00874357221440093,0.005227341017709134,0.012214838536906004,0.05049226663153575
/b/PROCESSING/03_FOLDS/M28/2024-02-16-11:31:52/cfbf00000/120.0/full/2024-02-16-11:31:52_60356.4804688383_cfbf00000_00070.ar,0.0043488776000565384,0.005013041901994128,0.009408495967409145,0.011886541275527886
/b/PROCESSING/03_FOLDS/M28/2024-02-16-11:31:52/cfbf00000/120.0/full/2024-02-16-11:31:52_60356.4804688383_cfbf00000_00047.ar,0.00405116992863113,0.004806396323181387,0.0021100017906779496,0.008377650628221238
/b/PROCESSING/03_FOLDS/M28/2024-02-16-11:31:52/cfbf00000/120.0/full/2024-02-16-11:31:52_60356.4804688383_cfbf00000_00153.ar,0.007023609533482977,0.0032617064496231842,0.023277896836061768,0.009282073295915126
/b/PROCESSING/03_FOLDS/M28/2024-02-16-11:31:52/cfbf00000/120.0/full/2024-02-16-11:31:52_60356.4804688383_cfbf00000_00201.ar,0.00297237477723456,0.004183221697884085,0.007510787623964463,0.009740980639503063
/b/PROCESSING/03_FOLDS/M28/2024-02-16-11:31:52/cfbf00000/120.0/full/2024-02-16-11:31:52_60356.4804688383_cfbf00000_00116.ar,0.004174838220833277,0.0046861441415025455,0.0030160391848603517,0.012462317560052399
/b/PROCESSING/03_FOLDS/M28/2024-02-16-11:31:52/cfbf00000/120.0/full/2024-02-16-11:31:52_60356.4804688383_cfbf00000_00179.ar,0.008335878178658301,0.005818061776630788,0.004031469740856714,0.009321198805697123
/b/PROCESSING/03_FOLDS/M28/2024-02-16-11:31:52/cfbf00000/120.0/full/2024-02-16-11:31:52_60356.4804688383_cfbf00000_00175.ar,0.00923343435625799,0.00665283281889613,0.03360338754347256,0.007422955223116578
/b/PROCESSING/03_FOLDS/M28/2024-02-16-11:31:52/cfbf00000/120.0/full/2024-02-16-11:31:52_60356.4804688383_cfbf00000_00095.ar,0.012265953290010487,0.006215199313074847,0.00913464383150847,0.007570757706340932
/b/PROCESSING/03_FOLDS/M28/2024-02-16-11:31:52/cfbf00000/120.0/full/2024-02-16-11:31:52_60356.4804688383_cfbf00000_00112.ar,0.0026860542615895506,0.004661634973357841,0.0151870404298572,0.00702721773097228
/b/PROCESSING/03_FOLDS/M28/2024-02-16-11:31:52/cfbf00000/120.0/full/2024-02-16-11:31:52_60356.4804688383_cfbf00000_00088.ar,0.006373178084152389,0.004669537168214581,0.02126196651694614,0.01297623332475214
/b/PROCESSING/03_FOLDS/M28/2024-02-16-11:31:52/cfbf00000/120.0/full/2024-02-16-11:31:52_60356.4804688383_cfbf00000_00060.ar,0.007884391545699454,0.004860792782611392,0.02182641563653354,0.0073934999836305065
/b/PROCESSING/03_FOLDS/M28/2024-02-16-11:31:52/cfbf00000/120.0/full/2024-02-16-11:31:52_60356.4804688383_cfbf00000_00054.ar,0.002840828229246061,0.0017830429809761648,0.0039837668514652765,0.017742698995026333
/b/PROCESSING/03_FOLDS/M28/2024-02-16-11:31:52/cfbf00000/120.0/full/2024-02-16-11:31:52_60356.4804688383_cfbf00000_00137.ar,0.0062968536720400545,0.0043992521003553605,0.018933100154281374,0.03066951715361401
/b/PROCESSING/03_FOLDS/M28/2024-02-16-11:31:52/cfbf00000/120.0/full/2024-02-16-11:31:52_60356.4804688383_cfbf00000_00093.ar,0.008256385364745137,0.00499952434347656,0.0014066553269442557,0.011908470050263636
/b/PROCESSING/03_FOLDS/M28/2024-02-16-11:31:52/cfbf00000/120.0/full/2024-02-16-11:31:52_60356.4804688383_cfbf00000_00053.ar,0.007528605618579809,0.004150868806100499,0.012774887466830948,0.006904747824957961
/b/PROCESSING/03_FOLDS/M28/2024-02-16-11:31:52/cfbf00000/120.0/full/2024-02-16-11:31:52_60356.4804688383_cfbf00000_00008.ar,0.8855091793737312,0.44664460640314935,0.822427699498299,0.925326928485028
/b/PROCESSING/03_FOLDS/M28/2024-02-16-11:31:52/cfbf00000/120.0/full/2024-02-16-11:31:52_60356.4804688383_cfbf00000_00196.ar,0.006194807683496174,0.0024853098450192774,0.01342985958702028,0.014018918792389328
/b/PROCESSING/03_FOLDS/M28/2024-02-16-11:31:52/cfbf00000/120.0/full/2024-02-16-11:31:52_60356.4804688383_cfbf00000_00058.ar,0.006717192579875011,0.005210572062515529,0.024826639456695346,0.011024664017601082
/b/PROCESSING/03_FOLDS/M28/2024-02-16-11:31:52/cfbf00000/120.0/full/2024-02-16-11:31:52_60356.4804688383_cfbf00000_00014.ar,0.006654201496030138,0.002985268811966707,0.17919527451383788,0.014143441602572488
/b/PROCESSING/03_FOLDS/M28/2024-02-16-11:31:52/cfbf00000/120.0/full/2024-02-16-11:31:52_60356.4804688383_cfbf00000_00027.ar,0.007600838280961303,0.005076998092894624,0.10135277127247408,0.01752234341903541
/b/PROCESSING/03_FOLDS/M28/2024-02-16-11:31:52/cfbf00000/120.0/full/2024-02-16-11:31:52_60356.4804688383_cfbf00000_00143.ar,0.0038923310758253262,0.0051276807793627244,0.012891934740290538,0.01467351868731327
/b/PROCESSING/03_FOLDS/M28/2024-02-16-11:31:52/cfbf00000/120.0/full/2024-02-16-11:31:52_60356.4804688383_cfbf00000_00048.ar,0.005140384495365885,0.0056052946800911815,0.0007107236857111529,0.019990185339355586
/b/PROCESSING/03_FOLDS/M28/2024-02-16-11:31:52/cfbf00000/120.0/full/2024-02-16-11:31:52_60356.4804688383_cfbf00000_00069.ar,0.005503642210002748,0.007514715759227746,0.04164307169819681,0.010952320346320151
/b/PROCESSING/03_FOLDS/M28/2024-02-16-11:31:52/cfbf00000/120.0/full/2024-02-16-11:31:52_60356.4804688383_cfbf00000_00202.ar,0.004368568610201912,0.005733961977702818,0.010667571892441488,0.011191395801933896
/b/PROCESSING/03_FOLDS/M28/2024-02-16-11:31:52/cfbf00000/120.0/full/2024-02-16-11:31:52_60356.4804688383_cfbf00000_00062.ar,0.008245515587968698,0.002302634872382821,0.0016435536062032728,0.023569836184310224
/b/PROCESSING/03_FOLDS/M28/2024-02-16-11:31:52/cfbf00000/120.0/full/2024-02-16-11:31:52_60356.4804688383_cfbf00000_00024.ar,0.006981311964066015,0.005278386489329728,0.0277078367286565,0.008097221806625067
/b/PROCESSING/03_FOLDS/M28/2024-02-16-11:31:52/cfbf00000/120.0/full/2024-02-16-11:31:52_60356.4804688383_cfbf00000_00122.ar,0.006782687239621615,0.004284163312509981,0.06832882731651736,0.008469327945665142
/b/PROCESSING/03_FOLDS/M28/2024-02-16-11:31:52/cfbf00000/120.0/full/2024-02-16-11:31:52_60356.4804688383_cfbf00000_00091.ar,0.006048523530752399,0.004960618349640019,0.00458664969453375,0.015225850646929703
/b/PROCESSING/03_FOLDS/M28/2024-02-16-11:31:52/cfbf00000/120.0/full/2024-02-16-11:31:52_60356.4804688383_cfbf00000_00057.ar,0.00882502210598359,0.007448992629391878,0.006587131711675528,0.016548633265913947
/b/PROCESSING/03_FOLDS/M28/2024-02-16-11:31:52/cfbf00000/120.0/full/2024-02-16-11:31:52_60356.4804688383_cfbf00000_00009.ar,0.005308047057981063,0.004452259625724366,0.0009236188688102759,0.008177707939453825
/b/PROCESSING/03_FOLDS/M28/2024-02-16-11:31:52/cfbf00000/120.0/full/2024-02-16-11:31:52_60356.4804688383_cfbf00000_00028.ar,0.004931008850358553,0.0036283803131772533,0.05851246941752727,0.009297299512341794
/b/PROCESSING/03_FOLDS/M28/2024-02-16-11:31:52/cfbf00000/120.0/full/2024-02-16-11:31:52_60356.4804688383_cfbf00000_00007.ar,0.4143464722165112,0.3047018516534896,0.1927761060606423,0.9813288244099295
/b/PROCESSING/03_FOLDS/M28/2024-02-16-11:31:52/cfbf00000/120.0/full/2024-02-16-11:31:52_60356.4804688383_cfbf00000_00109.ar,0.00550387672862982,0.004621965819723528,0.003542652189769627,0.019944083204292196
/b/PROCESSING/03_FOLDS/M28/2024-02-16-11:31:52/cfbf00000/120.0/full/2024-02-16-11:31:52_60356.4804688383_cfbf00000_00199.ar,0.007372513293435395,0.0047076224032136915,0.004626529982845795,0.007907135069642468
/b/PROCESSING/03_FOLDS/M28/2024-02-16-11:31:52/cfbf00000/120.0/full/2024-02-16-11:31:52_60356.4804688383_cfbf00000_00090.ar,0.007538402313718338,0.005159416531824245,0.0011173126860830555,0.008505012042818373
/b/PROCESSING/03_FOLDS/M28/2024-02-16-11:31:52/cfbf00000/120.0/full/2024-02-16-11:31:52_60356.4804688383_cfbf00000_00001.ar,0.9762784929406214,0.970313851933864,0.988008324899854,0.9772874277794396
/b/PROCESSING/03_FOLDS/M28/2024-02-16-11:31:52/cfbf00000/120.0/full/2024-02-16-11:31:52_60356.4804688383_cfbf00000_00169.ar,0.004261942957378485,0.004882396774063021,0.016668092075692913,0.00845675752195322
/b/PROCESSING/03_FOLDS/M28/2024-02-16-11:31:52/cfbf00000/120.0/full/2024-02-16-11:31:52_60356.4804688383_cfbf00000_00135.ar,0.0043051148480519495,0.005313506217755126,0.033505520612437806,0.012734429970002301
/b/PROCESSING/03_FOLDS/M28/2024-02-16-11:31:52/cfbf00000/120.0/full/2024-02-16-11:31:52_60356.4804688383_cfbf00000_00030.ar,0.006334460744546423,0.005901811794114427,0.0011994366374763039,0.008281771368222586
